<?xml version="1.0" encoding="UTF-8" standalone="no"?>
<LoganContent xmlns="http://www.oracle.com/DataCenter/LogAnalyticsStd" content_version="2.97.1.0.0" name="content_ocid1.tenancy.dummyvalue" oms_version="2.97.1.0.0">
   <Field oms_version="2.97.1.0.0">
      <DisplayName>Used</DisplayName>
      <Description>Service Limit Used</Description>
      <FieldType>1</FieldType>
      <IsSystem>0</IsSystem>
      <IsPrimary>1</IsPrimary>
      <DataType>INTEGER</DataType>
      <IsMetricKeyEligible>0</IsMetricKeyEligible>
      <IsMetricValueEligible>0</IsMetricValueEligible>
      <FacetEligible>1</FacetEligible>
      <RangeFacetEligible>0</RangeFacetEligible>
      <TableEligible>1</TableEligible>
      <FacetPriority>1</FacetPriority>
      <Summarizable>1</Summarizable>
      <HighCardinality>1</HighCardinality>
      <LargeData>0</LargeData>
      <MultiValued>0</MultiValued>
      <SMAEnabledSetting>0</SMAEnabledSetting>
   </Field>
   <Field oms_version="2.97.1.0.0">
      <DisplayName>Quota</DisplayName>
      <Description>Service Quota</Description>
      <FieldType>1</FieldType>
      <IsSystem>0</IsSystem>
      <IsPrimary>1</IsPrimary>
      <DataType>INTEGER</DataType>
      <IsMetricKeyEligible>0</IsMetricKeyEligible>
      <IsMetricValueEligible>0</IsMetricValueEligible>
      <FacetEligible>1</FacetEligible>
      <RangeFacetEligible>0</RangeFacetEligible>
      <TableEligible>1</TableEligible>
      <FacetPriority>1</FacetPriority>
      <Summarizable>1</Summarizable>
      <HighCardinality>1</HighCardinality>
      <LargeData>0</LargeData>
      <MultiValued>0</MultiValued>
      <SMAEnabledSetting>0</SMAEnabledSetting>
   </Field>
   <Parser oms_version="2.97.1.0.0" tokenize_orig_text="1" type="6">
      <Name>Quota_parser</Name>
      <DisplayName>Quota_parser</DisplayName>
      <IsSingleLineContent>0</IsSingleLineContent>
      <HeaderContent>$:2</HeaderContent>
      <ExampleContent>[{"Used": 0, "Available": 0, "Quota": 10, "Limit": "dedicated-unit-small-cohere-count", "Service": "ai-generative", "Compartment": "Demo"}, {"Used": 0, "Available": 0, "Quota": 0.0, "Limit": "dense-io-a2-core-count", "Service": "compute", "Compartment": "Demo", "AD": "Demo-AD-1"}]</ExampleContent>
      <IsSystem>0</IsSystem>
      <Encoding>UTF-8</Encoding>
      <Language>en_US</Language>
      <ParserFields>
         <ParserField>
            <FieldSeq>7</FieldSeq>
            <FieldName>availdomain</FieldName>
            <StructuredColInfo>$.AD</StructuredColInfo>
         </ParserField>
         <ParserField>
            <FieldSeq>2</FieldSeq>
            <FieldName>avlblcount</FieldName>
            <StructuredColInfo>$.Available</StructuredColInfo>
         </ParserField>
         <ParserField>
            <FieldSeq>6</FieldSeq>
            <FieldName>compartmentname</FieldName>
            <StructuredColInfo>$.Compartment</StructuredColInfo>
         </ParserField>
         <ParserField>
            <FieldSeq>4</FieldSeq>
            <FieldName>limitingresourcename</FieldName>
            <StructuredColInfo>$.Limit</StructuredColInfo>
         </ParserField>
         <ParserField>
            <FieldSeq>5</FieldSeq>
            <FieldName>service</FieldName>
            <StructuredColInfo>$.Service</StructuredColInfo>
         </ParserField>
         <ParserField>
            <FieldSeq>1</FieldSeq>
            <FieldName>udff14</FieldName>
            <StructuredColInfo>$.Used</StructuredColInfo>
         </ParserField>
         <ParserField>
            <FieldSeq>3</FieldSeq>
            <FieldName>udff15</FieldName>
            <StructuredColInfo>$.Quota</StructuredColInfo>
         </ParserField>
      </ParserFields>
      <WrittenOnce>0</WrittenOnce>
      <IsDefaultParser>1</IsDefaultParser>
   </Parser>
   <Source configWarningSettings="0" name="Quota" oms_version="2.97.1.0.0">
      <SourceType>os_file</SourceType>
      <TargetTypes>
         <TargetType>omc_host_linux</TargetType>
      </TargetTypes>
      <DisplayName>Quota</DisplayName>
      <IsSystem>0</IsSystem>
      <IsSecureContent>1</IsSecureContent>
      <Parsers>
         <Parser>
            <ParserSeq>1</ParserSeq>
            <ParserName>Quota_parser</ParserName>
         </Parser>
      </Parsers>
      <IsHidden>0</IsHidden>
      <IsSMAEnabled>0</IsSMAEnabled>
   </Source>
   <FieldNameMaps>
      <FieldNameMap>
         <Name>udff14</Name>
         <DisplayName>Used</DisplayName>
      </FieldNameMap>
      <FieldNameMap>
         <Name>udff15</Name>
         <DisplayName>Quota</DisplayName>
      </FieldNameMap>
   </FieldNameMaps>
</LoganContent>
